{
  "state": {
    "isStdOutTTY": true,
    "isStdErrTTY": true,
    "testRunDurationMs": 51096.029487
  },
  "metrics": {
    "http_req_sending": {
      "type": "trend",
      "contains": "time",
      "values": {
        "p(95)": 0.03138234999999994,
        "avg": 0.0156521475043205,
        "min": 0.003624,
        "med": 0.013155,
        "max": 0.575119,
        "p(90)": 0.0235454
      }
    },
    "vus_max": {
      "type": "gauge",
      "contains": "default",
      "values": {
        "max": 200,
        "value": 200,
        "min": 200
      }
    },
    "group_duration": {
      "contains": "time",
      "values": {
        "p(90)": 143.5844218,
        "p(95)": 173.8420603,
        "avg": 35.77363648285222,
        "min": 0.251609,
        "med": 1.5913490000000001,
        "max": 559.279076
      },
      "type": "trend"
    },
    "http_req_receiving": {
      "values": {
        "max": 6.270619,
        "p(90)": 0.07485280000000001,
        "p(95)": 0.09010899999999997,
        "avg": 0.04894771678357257,
        "min": 0.010272,
        "med": 0.041371
      },
      "type": "trend",
      "contains": "time"
    },
    "group_duration{group:::Read Full Article}": {
      "contains": "time",
      "values": {
        "min": 1.761413,
        "med": 103.0245945,
        "max": 559.279076,
        "p(90)": 183.5700217,
        "p(95)": 193.47432684999995,
        "avg": 104.02665529361538
      },
      "thresholds": {
        "p(99)<800": {
          "ok": true
        }
      },
      "type": "trend"
    },
    "vus": {
      "type": "gauge",
      "contains": "default",
      "values": {
        "value": 1,
        "min": 1,
        "max": 199
      }
    },
    "http_req_waiting": {
      "type": "trend",
      "contains": "time",
      "values": {
        "p(90)": 1.4163106,
        "p(95)": 1.9918741499999995,
        "avg": 1.0853140804615253,
        "min": 0.165328,
        "med": 0.6656299999999999,
        "max": 546.293725
      }
    },
    "http_req_duration{expected_response:true}": {
      "type": "trend",
      "contains": "time",
      "values": {
        "avg": 1.1499139447494213,
        "min": 0.187034,
        "med": 0.7304335,
        "max": 546.451814,
        "p(90)": 1.4952108000000002,
        "p(95)": 2.0849980999999995
      }
    },
    "data_sent": {
      "contains": "data",
      "values": {
        "count": 2168358,
        "rate": 42436.917736468735
      },
      "type": "counter"
    },
    "data_received": {
      "values": {
        "count": 93242241,
        "rate": 1824843.1812832532
      },
      "type": "counter",
      "contains": "data"
    },
    "iterations": {
      "contains": "default",
      "values": {
        "count": 4918,
        "rate": 96.25014016502499
      },
      "type": "counter"
    },
    "http_req_failed": {
      "thresholds": {
        "rate<0.05": {
          "ok": true
        }
      },
      "type": "rate",
      "contains": "default",
      "values": {
        "rate": 0,
        "passes": 0,
        "fails": 19674
      }
    },
    "http_req_blocked": {
      "type": "trend",
      "contains": "time",
      "values": {
        "max": 24.262634,
        "p(90)": 0.007926800000000003,
        "p(95)": 0.010230399999999995,
        "avg": 0.009690100487953688,
        "min": 0.001273,
        "med": 0.004655
      }
    },
    "group_duration{group:::Browse Domain Articles}": {
      "type": "trend",
      "contains": "time",
      "values": {
        "avg": 1.5423321156974412,
        "min": 0.251609,
        "med": 0.8862655,
        "max": 547.459288,
        "p(90)": 1.7825509000000002,
        "p(95)": 2.5562680999999996
      },
      "thresholds": {
        "p(99)<500": {
          "ok": true
        }
      }
    },
    "checks": {
      "type": "rate",
      "contains": "default",
      "values": {
        "rate": 1,
        "passes": 54098,
        "fails": 0
      }
    },
    "http_req_duration": {
      "contains": "time",
      "values": {
        "avg": 1.1499139447494213,
        "min": 0.187034,
        "med": 0.7304335,
        "max": 546.451814,
        "p(90)": 1.4952108000000002,
        "p(95)": 2.0849980999999995
      },
      "thresholds": {
        "p(95)<800": {
          "ok": true
        },
        "p(99)<1500": {
          "ok": true
        }
      },
      "type": "trend"
    },
    "http_req_connecting": {
      "type": "trend",
      "contains": "time",
      "values": {
        "avg": 0.0038113346040459517,
        "min": 0,
        "med": 0,
        "max": 24.187825,
        "p(90)": 0,
        "p(95)": 0
      }
    },
    "iteration_duration": {
      "type": "trend",
      "contains": "time",
      "values": {
        "p(90)": 1634.4355301,
        "p(95)": 1738.5330016499997,
        "avg": 1107.6163698167998,
        "min": 100.875799,
        "med": 1101.8025874999998,
        "max": 2366.089607
      }
    },
    "http_req_tls_handshaking": {
      "type": "trend",
      "contains": "time",
      "values": {
        "p(95)": 0,
        "avg": 0,
        "min": 0,
        "med": 0,
        "max": 0,
        "p(90)": 0
      }
    },
    "http_reqs": {
      "type": "counter",
      "contains": "default",
      "values": {
        "count": 19674,
        "rate": 385.0397026447136
      }
    }
  },
  "setup_data": {
    "articleSlugs": [
      "image-test-2",
      "test-images",
      "introduction-to-dl",
      "machine-learning-tutorial",
      "statistics",
      "machine-leairng",
      "asdasd",
      "k6-article-2-56-1777973786854",
      "k6-article-10-48-1777973786194",
      "k6-article-14-47-1777973786158"
    ],
    "domainStats": [
      {
        "count": 8512,
        "domain": "ml"
      },
      {
        "count": 1,
        "domain": "dl"
      },
      {
        "count": 1,
        "domain": "ds"
      },
      {
        "count": 0,
        "domain": "nlp"
      },
      {
        "count": 1,
        "domain": "cv"
      },
      {
        "count": 0,
        "domain": "mlops"
      },
      {
        "count": 1,
        "domain": "stats"
      }
    ]
  },
  "root_group": {
    "checks": [],
    "name": "",
    "path": "",
    "id": "d41d8cd98f00b204e9800998ecf8427e",
    "groups": [
        {
          "name": "Browse Article Feed",
          "path": "::Browse Article Feed",
          "id": "6986ce7f2cab3113edc1a2056f4de21e",
          "groups": [],
          "checks": [
              {
                "passes": 4918,
                "fails": 0,
                "name": "status is 200",
                "path": "::Browse Article Feed::status is 200",
                "id": "a7b797ca10fa1101de81242eb5eda40b"
              },
              {
                "name": "has articles",
                "path": "::Browse Article Feed::has articles",
                "id": "7f310a17f1153293b239b3675c42c0b4",
                "passes": 4918,
                "fails": 0
              },
              {
                "name": "response time < 600ms",
                "path": "::Browse Article Feed::response time < 600ms",
                "id": "3ff64a88c6da13e4f9312f249d09c4a6",
                "passes": 4918,
                "fails": 0
              }
            ]
        },
        {
          "groups": [],
          "checks": [
              {
                "path": "::Browse Domain Articles::domain browse status is 200",
                "id": "e680fd39ee46d948a518033deb0a45ff",
                "passes": 4918,
                "fails": 0,
                "name": "domain browse status is 200"
              },
              {
                "name": "has articles in domain",
                "path": "::Browse Domain Articles::has articles in domain",
                "id": "250924889c8563f80d00d1b3c70573dd",
                "passes": 4918,
                "fails": 0
              },
              {
                "name": "domain response time < 600ms",